seq,cycle_duration_us,period_interval_us,read_duration_us,controller_duration_us,write_duration_us,deadline_missed,ok
1,10507.38,33333.33,7.86,14.42,10483.87,0,1
2,9074.19,33394.54,7.90,14.23,9051.09,0,1
3,23703.39,33330.55,2.49,8.19,23692.23,0,1
4,22393.12,33334.96,5.06,10.40,22376.96,0,1
5,21045.18,33331.98,3.53,10.30,21030.85,0,1
6,19713.59,33331.24,1.96,7.41,19703.81,0,1
7,18395.48,33335.62,8.21,12.39,18373.42,0,1
8,17033.81,33332.30,4.80,9.98,17018.38,0,1
9,15748.91,33332.61,2.06,7.98,15738.50,0,1
10,14364.58,33339.08,19.04,25.90,14316.28,0,1
11,13014.01,33328.98,4.17,10.78,12998.24,0,1
12,11675.90,33332.66,2.16,7.55,11665.77,0,1
13,10345.98,33335.29,7.78,12.39,10324.12,0,1
14,8994.43,33332.57,4.44,10.75,8978.60,0,1
15,23633.98,33332.19,2.21,8.29,23622.98,0,1
16,22321.15,33335.08,7.62,10.90,22300.58,0,1
17,20971.41,33331.83,6.51,12.46,20951.12,0,1
18,19640.52,33333.59,2.54,8.63,19628.86,0,1
19,18314.72,33333.07,4.44,7.64,18302.05,0,1
20,16964.14,33334.69,8.21,11.94,16942.23,0,1
21,15642.35,33331.79,4.38,9.95,15627.07,0,1
22,14275.67,33337.56,9.46,15.86,14248.55,0,1
23,12932.05,33330.61,3.02,7.28,12920.98,0,1
24,11604.79,33330.54,2.02,6.70,11595.68,0,1
25,10256.43,33336.62,7.03,11.31,10236.66,0,1
26,8922.12,33331.08,2.65,6.49,8912.51,0,1
27,23556.72,33332.04,1.76,6.32,23548.24,0,1
28,22231.09,33336.56,7.14,11.07,22211.39,0,1
29,20887.72,33331.88,5.57,10.41,20870.54,0,1
30,19554.47,33333.20,2.88,6.45,19544.70,0,1
31,18228.95,33336.07,8.11,12.24,18206.91,0,1
32,16887.70,33331.74,5.66,11.80,16869.29,0,1
33,15574.54,33331.96,3.31,7.51,15563.25,0,1
34,14209.42,33339.91,17.36,22.67,14165.09,0,1
35,12857.01,33328.65,10.38,15.71,12829.20,0,1
36,11519.02,33331.22,4.49,11.22,11502.42,0,1
37,10183.45,33333.82,3.56,9.23,10170.16,0,1
38,8838.98,33334.42,8.33,12.14,8816.86,0,1
39,23505.36,33331.26,3.24,7.66,23493.76,0,1
40,22158.58,33339.34,17.10,22.09,22116.21,0,1
41,20819.98,33331.07,15.16,18.46,20783.60,0,1
42,19472.99,33329.82,7.27,13.40,19451.00,0,1
43,18146.38,33340.45,12.54,17.24,18113.86,0,1
44,16807.42,33327.18,5.81,12.03,16788.56,0,1
45,15460.59,33332.61,5.42,13.72,15440.36,0,1
46,14121.85,33338.87,11.45,17.73,14090.02,0,1
47,12789.01,33330.86,8.87,13.57,12764.68,0,1
48,11434.90,33330.39,5.48,11.28,11417.01,0,1
49,10104.59,33339.40,11.91,15.13,10074.81,0,1
50,8750.56,33328.90,5.68,11.63,8732.30,0,1
51,23442.24,33335.13,8.70,15.24,23416.01,0,1
52,22046.53,33335.14,18.18,27.90,21997.03,0,1
53,20724.61,33331.94,10.91,16.61,20694.14,0,1
54,19385.59,33330.66,3.49,9.32,19372.18,0,1
55,18061.78,33339.51,10.92,15.72,18032.76,0,1
56,16725.09,33326.80,4.70,11.02,16708.56,0,1
57,15430.03,33333.27,5.58,13.31,15410.31,0,1
58,14045.37,33340.69,20.05,28.47,13993.08,0,1
59,12704.50,33326.95,6.78,12.63,12683.99,0,1
60,11351.43,33332.86,5.36,10.58,11334.42,0,1
61,10003.50,33338.71,11.44,15.11,9974.47,0,1
62,8674.99,33325.69,2.46,5.85,8666.21,0,1
63,23308.47,33334.49,1.80,5.11,23301.24,0,1
64,21985.60,33330.81,1.67,5.41,21978.17,0,1
65,20642.86,33333.97,1.57,4.65,20636.31,0,1
66,19302.24,33334.67,1.83,4.32,19295.74,0,1
67,17971.03,33331.68,1.42,4.63,17964.67,0,1
68,16641.57,33333.85,1.37,2.75,16637.13,0,1
69,15307.52,33333.50,1.58,2.68,15302.94,0,1
70,13957.95,33335.59,6.91,13.30,13935.88,0,1
71,12610.35,33330.65,2.31,4.68,12603.03,0,1
72,11274.52,33333.70,1.91,13.81,11258.45,0,1
73,9933.64,33333.18,2.03,3.31,9927.96,0,1
74,8593.24,33333.78,1.47,2.41,8589.02,0,1
75,23230.21,33332.72,1.62,2.70,23225.35,0,1
76,21895.77,33333.14,1.93,2.28,21891.14,0,1
77,20567.62,33334.01,1.42,2.31,20563.57,0,1
78,19237.08,33336.03,3.77,5.53,19226.69,0,1
79,17888.18,33331.92,2.28,4.87,17880.31,0,1
80,16546.76,33331.30,1.79,3.61,16541.03,0,1
81,15213.92,33334.10,1.85,3.12,15208.56,0,1
82,13874.67,33343.34,23.03,23.09,13823.02,0,1
83,12535.51,33324.31,2.62,4.07,12528.45,0,1
84,11189.40,33332.75,1.86,12.02,11175.19,0,1
85,9875.73,33332.48,1.80,9.37,9864.24,0,1
86,8518.23,33335.47,7.70,14.85,8494.29,0,1
87,23151.40,33332.72,3.44,7.51,23139.66,0,1
88,21811.21,33332.31,3.02,17.46,21790.08,0,1
89,20514.75,33334.15,1.37,2.60,20510.44,0,1
90,19152.52,33335.03,8.46,14.07,19128.80,0,1
91,17805.97,33331.80,3.48,6.09,17795.80,0,1
92,16465.16,33330.75,1.56,10.59,16452.67,0,1
93,15130.96,33336.32,1.68,2.84,15126.03,0,1
94,13793.45,33334.96,6.24,6.58,13778.78,0,1
95,12445.47,33330.17,2.84,5.04,12437.25,0,1
96,11112.14,33334.42,2.21,3.35,11106.22,0,1
97,9772.94,33333.27,3.49,5.40,9763.32,0,1
98,24397.98,33333.96,2.71,4.77,24390.05,0,1
99,23064.56,33332.12,1.75,3.19,23059.29,0,1
100,21741.70,33334.46,3.26,5.95,21731.78,0,1
101,20415.43,33334.29,5.04,6.81,20402.66,0,1
102,19080.70,33332.15,2.66,4.22,19073.34,0,1
103,17742.02,33332.65,2.03,9.70,17729.86,0,1
104,16406.50,33333.81,1.40,2.76,16402.02,0,1
105,15076.56,33332.83,1.65,2.70,15071.85,0,1
106,13741.42,33332.46,1.80,2.41,13736.72,0,1
107,12407.00,33333.07,1.49,2.48,12402.70,0,1
108,11074.78,33336.04,2.59,3.79,11067.96,0,1
109,9745.93,33335.57,9.78,14.14,9720.28,0,1
110,24378.12,33329.55,2.18,3.73,24371.84,0,1
111,23105.94,33332.75,1.78,8.45,23095.37,0,1
112,21663.88,33339.01,17.74,90.99,21551.47,0,1
113,20327.53,33329.82,3.68,8.64,20314.51,0,1
114,18985.26,33333.08,3.13,6.65,18975.03,0,1
115,17656.75,33335.96,9.89,13.15,17630.99,0,1
116,16307.15,33331.23,3.97,7.99,16294.61,0,1
117,14967.99,33332.82,3.02,6.96,14957.53,0,1
118,13631.64,33335.74,7.68,11.06,13611.29,0,1
119,12294.59,33331.26,4.30,8.16,12281.46,0,1
120,10949.14,33333.10,3.07,7.66,10937.95,0,1
121,9621.90,33335.04,12.18,16.07,9591.91,0,1
122,24239.93,33332.45,3.55,9.91,24225.81,0,1
123,22922.93,33330.67,2.35,7.18,22912.90,0,1
124,21589.43,33335.65,4.40,10.73,21573.41,0,1
125,20247.07,33333.94,5.47,10.83,20230.08,0,1
126,18919.89,33333.92,3.88,8.71,18906.38,0,1
127,17571.18,33331.45,5.96,12.13,17552.25,0,1
128,16230.29,33333.69,5.15,8.84,16215.18,0,1
129,14887.15,33335.25,8.31,11.78,14865.13,0,1
130,13560.83,33333.71,7.19,12.85,13539.43,0,1
131,12218.08,33331.95,5.90,11.06,12200.09,0,1
132,10875.78,33331.36,3.27,6.87,10864.77,0,1
133,9541.38,33336.40,12.14,20.21,9505.38,0,1
134,24155.33,33331.57,4.03,8.55,24142.21,0,1
135,25913.94,33330.35,2.47,6.01,25905.00,0,1
136,21516.69,33339.61,17.70,23.22,21472.14,0,1
137,20173.99,33331.42,13.83,21.21,20136.52,0,1
138,18838.44,33330.62,5.30,9.38,18823.15,0,1
139,17506.23,33335.01,8.89,11.05,17483.55,0,1
140,16150.35,33332.57,4.08,9.85,16135.66,0,1
141,14818.94,33332.52,2.66,7.04,14808.84,0,1
142,13482.56,33335.91,8.29,13.58,13458.14,0,1
143,12132.49,33330.97,4.05,6.44,12121.06,0,1
144,11152.13,33334.56,3.94,6.06,11141.60,0,1
145,9495.12,33332.85,7.90,12.58,9472.71,0,1
146,24083.65,33335.80,7.73,10.31,24063.95,0,1
147,22771.13,33330.43,3.15,5.27,22761.96,0,1
148,21418.01,33333.83,5.54,8.19,21403.21,0,1
149,20090.05,33331.86,3.56,5.88,20080.06,0,1
150,18760.55,33334.03,5.39,8.19,18745.76,0,1
151,17415.78,33334.22,6.16,7.35,17400.93,0,1
152,16069.74,33332.93,3.64,7.95,16057.38,0,1
153,14740.41,33332.27,3.10,8.41,14728.42,0,1
154,13393.58,33333.55,3.89,9.60,13378.94,0,1
155,12052.35,33333.43,3.69,7.44,12040.49,0,1
156,10704.31,33333.41,2.83,5.73,10695.28,0,1
157,9365.64,33341.12,19.57,22.39,9319.09,0,1
158,24003.33,33329.98,15.05,20.60,23964.45,0,1
159,22673.69,33331.57,6.91,10.48,22654.68,0,1
160,21341.10,33334.68,8.19,14.05,21317.07,0,1
161,20004.45,33331.06,4.67,8.59,19990.12,0,1
162,18673.96,33332.62,5.43,7.52,18659.97,0,1
163,17338.13,33332.84,5.16,11.81,17319.72,0,1
164,15994.32,33334.08,7.93,10.50,15974.09,0,1
165,14639.93,33331.91,3.71,7.36,14628.12,0,1
166,13324.20,33334.62,5.62,9.43,13307.97,0,1
167,11968.76,33332.99,4.26,7.33,11956.62,0,1
168,10625.33,33333.26,3.50,6.82,10614.15,0,1
169,9290.62,33334.00,6.57,10.45,9271.82,0,1
170,23922.42,33333.38,5.73,10.61,23904.31,0,1
171,22592.37,33330.36,3.81,8.18,22579.77,0,1
172,21260.69,33339.02,11.44,14.94,21232.02,0,1
173,19923.55,33331.45,4.14,8.08,19910.77,0,1
174,18578.30,33329.95,2.38,6.12,18569.25,0,1
175,17267.27,33336.70,6.70,9.94,17249.67,0,1
176,15905.51,33331.68,7.45,11.05,15885.95,0,1
177,17889.75,33332.43,3.00,6.34,17879.97,0,1
178,13243.64,33342.62,18.83,24.85,13196.28,0,1
179,11878.02,33325.92,7.51,13.51,11855.52,0,1
180,10546.08,33334.42,9.05,12.46,10522.66,0,1
181,9207.36,33334.69,8.51,14.25,9183.11,0,1
182,23836.34,33329.09,4.84,8.66,23822.24,0,1
183,22501.02,33339.56,3.24,6.34,22490.85,0,1
184,21170.41,33329.57,8.31,10.85,21149.18,0,1
185,19844.31,33332.02,4.22,8.08,19831.45,0,1
186,18504.83,33330.31,2.70,6.95,18494.62,0,1
187,17164.67,33337.50,4.44,11.74,17147.47,0,1
188,15826.53,33331.33,4.76,10.48,15810.53,0,1
189,14487.94,33332.86,2.81,6.99,14477.59,0,1
190,13149.69,33335.82,12.47,15.13,13119.26,0,1
191,11804.93,33331.32,2.69,6.73,11795.09,0,1
192,10460.38,33331.28,2.31,4.39,10453.09,0,1
193,9123.15,33334.48,1.86,5.53,9115.41,0,1
194,23750.50,33332.67,1.58,3.98,23744.62,0,1
195,22426.77,33333.74,1.65,4.88,22419.78,0,1
196,21088.80,33332.62,1.67,5.19,21081.60,0,1
197,19762.69,33334.51,1.95,5.08,19755.32,0,1
198,18420.54,33331.98,1.73,4.11,18414.22,0,1
199,17079.93,33333.99,1.59,5.22,17072.79,0,1
200,15734.44,33333.94,2.98,7.18,15723.61,0,1
201,14884.17,33333.10,2.19,5.22,14876.30,0,1
202,13075.24,33341.50,10.83,17.56,13044.77,0,1
203,11753.61,33326.23,1.78,6.08,11745.31,0,1
204,10378.75,33333.75,13.35,18.35,10344.70,0,1
205,9043.42,33332.55,3.75,8.94,9030.29,0,1
206,23669.69,33333.00,1.95,5.58,23661.71,0,1
207,22353.01,33332.56,1.75,6.27,22344.59,0,1
208,21017.11,33333.92,2.02,6.22,21008.29,0,1
209,19677.82,33333.45,1.56,6.22,19669.73,0,1
210,18362.51,33331.56,1.69,6.29,18354.17,0,1
211,17001.56,33337.42,10.18,16.46,16973.40,0,1
212,15658.94,33330.04,1.73,5.51,15651.27,0,1
213,14318.62,33333.55,1.64,6.47,14310.12,0,1
214,12988.39,33333.84,2.07,6.79,12979.01,0,1
215,11632.47,33333.17,1.61,6.48,11623.98,0,1
216,10332.71,33332.39,1.91,6.18,10324.30,0,1
217,8954.09,33334.53,1.92,6.96,8944.72,0,1
218,23592.98,33333.38,1.62,6.30,23584.70,0,1
219,22293.52,33333.01,1.60,6.50,22285.06,0,1
220,20947.00,33341.18,15.47,22.67,20905.88,0,1
221,19591.77,33327.91,11.77,18.68,19559.12,0,1
222,18255.45,33332.19,3.39,8.51,18242.91,0,1
223,16928.97,33340.39,12.77,15.92,16897.42,0,1
224,15598.75,33329.35,10.27,15.98,15570.22,0,1
225,14224.89,33330.22,5.47,12.53,14205.80,0,1
226,12901.50,33342.33,16.23,20.01,12862.38,0,1
227,11558.55,33328.35,8.87,12.80,11535.16,0,1
228,10210.09,33331.93,6.95,11.08,10190.59,0,1
229,8865.17,33333.42,6.75,13.08,8843.20,0,1
230,23504.39,33334.78,9.42,14.29,23478.86,0,1
231,22179.10,33329.07,2.58,7.45,22168.56,0,1
232,20859.95,33337.64,10.58,12.98,20834.24,0,1
233,19519.79,33332.38,8.28,10.99,19499.39,0,1
234,18194.38,33331.03,5.25,10.31,18177.80,0,1
235,16849.29,33333.78,6.84,12.56,16828.78,0,1
236,15493.76,33332.84,7.09,13.32,15471.98,0,1
237,14153.14,33335.01,6.70,12.05,14133.15,0,1
238,12829.23,33333.09,9.20,14.74,12803.93,0,1
239,11471.79,33331.76,6.20,11.96,11452.55,0,1
240,10122.94,33332.93,3.38,8.28,10110.64,0,1
241,8809.00,33337.06,11.23,14.11,8781.35,0,1
242,23425.70,33331.18,6.78,11.12,23406.38,0,1
243,22093.55,33331.28,3.40,8.70,22080.85,0,1
244,20778.76,33337.22,10.01,13.05,20752.97,0,1
245,19429.58,33330.32,5.73,12.84,19409.71,0,1
246,18086.81,33332.45,2.63,6.96,18076.78,0,1
247,16766.26,33338.32,11.83,17.93,16734.23,0,1
248,15417.72,33330.54,8.55,13.31,15393.98,0,1
249,14065.07,33330.93,5.32,9.45,14049.35,0,1
250,12747.09,33340.47,12.16,22.06,12710.77,0,1
251,11394.67,33330.18,11.99,17.32,11362.65,0,1
252,10057.50,33330.49,2.83,8.10,10046.08,0,1
253,8766.83,33334.11,7.34,12.36,8745.80,0,1
254,23380.18,33335.19,9.99,16.92,23351.40,0,1
255,22047.81,33330.33,6.32,13.84,22026.39,0,1
256,20738.15,33332.32,4.70,8.84,20724.02,0,1
257,19405.72,33337.66,9.56,14.08,19379.21,0,1
258,18067.78,33330.69,6.15,12.70,18047.77,0,1
259,16732.66,33398.06,11.79,20.96,16697.63,0,1
260,15402.81,33274.60,19.44,25.81,15353.84,0,1
261,14021.18,33328.49,6.40,13.19,14000.38,0,1
262,12659.99,33336.00,15.25,18.36,12623.25,0,1
263,11310.56,33329.78,7.76,12.11,11289.36,0,1
264,9963.49,33331.51,3.30,8.62,9951.02,0,1
265,8623.75,33334.33,5.33,9.07,8608.04,0,1
266,23259.12,33331.37,2.30,7.19,23249.26,0,1
267,21928.77,33333.76,1.94,6.93,21919.53,0,1
268,20597.26,33333.36,1.83,7.00,20587.90,0,1
269,19260.35,33333.32,1.40,5.44,19253.19,0,1
270,17969.32,33332.74,2.08,7.32,17959.40,0,1
271,16589.97,33336.45,11.70,20.35,16555.68,0,1
272,15247.18,33330.96,5.20,11.08,15229.92,0,1
273,13907.97,33335.40,4.92,11.57,13890.40,0,1
274,12558.66,33331.74,2.71,8.45,12546.76,0,1
275,11228.75,33332.32,2.13,6.13,11220.16,0,1
276,9885.06,33333.59,4.26,9.38,9870.60,0,1
277,8576.09,33339.28,14.15,18.18,8539.55,0,1
278,23196.42,33332.27,11.74,14.81,23167.72,0,1
279,21870.27,33331.29,6.60,12.46,21849.75,0,1
280,20542.49,33334.55,8.78,14.65,20516.79,0,1
281,19184.20,33332.36,5.80,12.13,19165.26,0,1
282,17855.82,33331.24,2.67,9.07,17843.55,0,1
283,16528.91,33333.92,4.19,10.60,16513.24,0,1
284,15159.65,33334.41,5.78,11.80,15141.18,0,1
285,13830.47,33329.23,2.64,7.09,13820.29,0,1
286,12548.55,33335.53,7.72,14.11,12524.80,0,1
287,11163.93,33333.79,6.67,12.84,11142.92,0,1
288,9803.84,33334.83,7.98,11.23,9782.85,0,1
289,8480.61,33331.76,8.45,12.30,8458.86,0,1
290,23096.78,33334.06,9.13,10.25,23075.37,0,1
291,21768.81,33331.30,2.14,6.55,21759.62,0,1
292,20446.87,33338.66,16.36,18.29,20408.36,0,1
293,19109.58,33328.63,3.71,7.45,19097.80,0,1
294,17760.22,33334.37,3.40,6.68,17749.71,0,1
295,16440.65,33336.27,10.10,13.21,16414.98,0,1
296,15085.32,33330.84,5.18,10.25,15068.82,0,1
297,13736.11,33331.85,5.18,7.51,13722.52,0,1
298,12406.39,33338.12,10.48,14.87,12378.75,0,1
299,11059.91,33329.06,2.68,6.14,11050.58,0,1
300,9716.25,33332.43,1.73,4.35,9709.83,0,1
301,8397.70,33334.13,3.91,7.88,8385.30,0,1
302,23014.13,33334.33,7.62,10.40,22994.82,0,1
303,21686.82,33331.74,2.20,4.94,21679.22,0,1
304,20380.65,33334.93,3.43,7.13,20369.40,0,1
305,19018.30,33332.71,6.55,11.90,18998.63,0,1
306,17677.49,33334.81,3.30,7.01,17666.68,0,1
307,16362.83,33331.22,2.03,5.95,16354.53,0,1
308,15009.96,33334.27,6.47,10.88,14991.35,0,1
309,13659.87,33333.51,5.15,7.23,13646.67,0,1
310,12347.42,33332.18,3.63,8.14,12335.16,0,1
311,10981.10,33334.65,6.95,11.70,10960.79,0,1
312,9638.98,33333.19,2.73,6.14,9629.73,0,1
313,24291.52,33332.14,2.80,6.77,24281.56,0,1
314,22963.54,33334.76,5.21,10.31,22946.94,0,1
315,21609.69,33332.20,5.86,10.97,21591.61,0,1
316,20322.40,33337.13,13.41,18.68,20288.54,0,1
317,18947.40,33333.10,13.44,20.07,18910.96,0,1
318,17602.85,33334.56,14.45,17.50,17567.01,0,1
319,16278.20,33332.56,11.92,16.11,16248.77,0,1
320,14925.54,33332.58,10.49,13.45,14899.83,0,1
321,13583.13,33336.08,9.08,13.05,13559.70,0,1
322,12260.11,33339.19,21.73,24.82,12209.07,0,1
323,10920.58,33325.89,16.28,20.28,10879.95,0,1
324,9564.87,33332.34,10.28,14.33,9538.79,0,1
325,24203.94,33330.99,3.69,10.05,24189.54,0,1
326,22854.87,33340.57,7.32,14.19,22831.87,0,1
327,21533.74,33325.99,3.96,8.11,21521.00,0,1
328,20213.14,33332.13,3.54,8.66,20200.11,0,1
329,18870.91,33333.89,5.76,10.27,18852.97,0,1
330,17524.12,33332.78,6.11,10.79,17506.00,0,1
331,16190.07,33333.78,4.19,7.23,16177.90,0,1
332,14840.55,33333.87,5.84,9.47,14824.18,0,1
333,13508.04,33333.31,4.26,7.58,13495.52,0,1
334,12164.95,33332.11,3.88,7.31,12153.03,0,1
335,10817.40,33334.25,3.35,7.70,10805.63,0,1
336,9480.88,33334.40,4.36,7.93,9467.90,0,1
337,24133.68,33331.58,4.35,9.24,24119.02,0,1
338,22786.94,33337.86,10.42,14.92,22759.46,0,1
339,21444.44,33332.16,5.95,10.56,21426.56,0,1
340,20153.97,33329.74,4.44,10.24,20138.48,0,1
341,18792.87,33337.16,12.66,16.70,18760.44,0,1
342,17438.42,33332.13,7.89,12.64,17416.35,0,1
343,16100.76,33331.07,3.14,8.56,16088.59,0,1
344,14765.00,33333.66,4.77,9.02,14750.63,0,1
345,13419.77,33336.70,7.32,10.48,13400.97,0,1
346,12123.11,33350.08,9.69,19.05,12092.39,0,1
347,10736.01,33316.16,10.34,17.43,10705.93,0,1
348,9396.09,33333.58,8.59,11.08,9374.46,0,1
349,24022.78,33330.08,2.73,8.03,24011.60,0,1
350,22707.45,33333.89,2.52,6.15,22698.42,0,1
351,21371.24,33331.53,1.61,6.22,21363.02,0,1
352,20037.75,33336.65,5.48,12.40,20019.00,0,1
353,18698.98,33330.64,3.15,8.03,18687.34,0,1
354,17360.03,33332.21,1.45,6.15,17351.97,0,1
355,16023.41,33336.18,6.90,12.40,16002.81,0,1
356,14680.42,33331.23,2.16,8.56,14669.26,0,1
357,13344.85,33334.32,2.22,6.96,13335.27,0,1
358,12070.97,33333.43,7.06,13.95,12048.44,0,1
359,10734.44,33343.71,23.73,25.05,10680.69,0,1
360,9339.82,33332.97,24.55,27.63,9282.48,0,1
361,24026.43,33331.07,21.33,26.48,23973.59,0,1
362,22640.92,33328.28,13.01,23.84,22601.57,0,1
363,21328.44,33347.46,22.23,26.19,21274.63,0,1
364,19997.47,33327.86,22.05,25.75,19944.73,0,1
365,18696.73,33332.83,22.30,25.88,18643.29,0,1
366,17334.01,33335.74,24.39,25.81,17278.26,0,1
367,16020.48,33330.24,26.12,28.76,15960.34,0,1
368,14604.00,33333.12,23.42,27.93,14547.51,0,1
369,13617.01,33324.21,8.74,15.69,13590.99,0,1
370,12203.23,33347.41,23.19,93.39,12081.54,0,1
371,10595.09,33325.51,18.81,22.40,10550.17,0,1
372,9239.26,33330.34,8.61,14.44,9214.56,0,1
373,23868.76,33331.35,6.15,12.60,23848.53,0,1
374,22538.79,33330.49,2.81,7.62,22528.01,0,1
375,21199.96,33333.33,2.63,6.87,21189.99,0,1
376,19885.18,33333.77,2.63,7.43,19874.75,0,1
377,18553.23,33333.93,3.46,7.34,18541.88,0,1
378,17191.46,33332.54,4.91,9.89,17175.67,0,1
379,15899.46,33334.52,3.50,9.64,15885.59,0,1
380,14518.17,33335.21,11.53,18.56,14485.78,0,1
381,13176.63,33329.75,2.10,6.24,13167.79,0,1
382,11834.25,33337.07,9.69,13.22,11809.01,0,1
383,10502.17,33331.34,5.61,12.04,10483.55,0,1
384,9147.15,33331.82,2.26,6.20,9138.35,0,1
385,23797.84,33334.21,2.31,6.20,23788.97,0,1
386,22454.29,33333.36,2.90,8.09,22442.96,0,1
387,21122.35,33332.02,1.72,5.86,21114.23,0,1
388,19813.54,33333.82,2.13,6.66,19804.42,0,1
389,18465.11,33333.84,6.62,11.07,18446.16,0,1
390,17109.82,33333.39,3.69,8.59,17097.02,0,1
391,15777.09,33331.69,3.74,9.94,15762.86,0,1
392,14426.82,33334.82,2.81,8.46,14414.97,0,1
393,13093.83,33333.15,1.84,6.09,13085.54,0,1
394,11752.17,33333.34,1.88,5.95,11743.74,0,1
395,10413.95,33333.00,2.51,6.59,10404.32,0,1
396,9086.26,33337.58,7.65,10.44,9066.42,0,1
397,23716.47,33346.91,14.73,21.65,23676.95,0,1
398,22372.32,33318.56,10.19,15.33,22345.49,0,1
399,21037.99,33330.69,2.22,7.25,21028.06,0,1
400,19712.54,33333.83,3.03,8.81,19700.06,0,1
401,18392.00,33331.66,1.94,6.25,18383.48,0,1
402,17037.73,33335.06,5.90,11.35,17019.55,0,1
403,15705.10,33332.26,2.63,6.25,15695.86,0,1
404,14373.18,33334.34,2.84,6.28,14363.69,0,1
405,13055.89,33332.07,2.08,6.28,13046.93,0,1
406,11721.21,33336.77,11.19,18.65,11689.10,0,1
407,10371.08,33331.07,8.38,13.17,10348.12,0,1
408,9034.91,33338.10,12.23,16.95,9003.27,0,1
409,23682.23,33330.15,6.16,10.29,23664.64,0,1
410,22352.15,33331.94,3.09,10.34,22338.05,0,1
411,20968.04,33333.70,3.12,7.10,20957.30,0,1
412,19631.62,33334.97,5.24,12.12,19613.53,0,1
413,18324.56,33330.50,2.25,7.45,18314.50,0,1
414,16954.15,33335.99,8.06,13.01,16931.53,0,1
415,15607.83,33349.46,14.82,19.24,15570.16,0,1
416,14270.30,33315.99,3.26,9.29,14257.12,0,1
417,12928.68,33331.27,1.55,5.51,12921.24,0,1
418,11589.78,33334.42,2.71,6.08,11580.49,0,1
419,10250.97,33333.41,2.81,7.38,10240.29,0,1
420,8908.24,33332.29,1.77,5.74,8900.36,0,1
421,23620.25,33334.28,2.64,6.46,23610.72,0,1
422,22207.10,33339.82,13.39,22.46,22168.83,0,1
423,20877.94,33326.73,2.77,7.10,20867.45,0,1
424,19548.28,33334.16,2.77,6.95,19538.11,0,1
425,18205.70,33330.89,1.63,5.36,18198.38,0,1
426,16872.75,33333.79,2.62,6.50,16863.03,0,1
427,15534.85,33333.64,2.42,7.01,15524.92,0,1
428,14189.79,33332.45,1.52,6.72,14181.14,0,1
429,12853.21,33333.74,1.55,5.73,12845.61,0,1
430,11506.82,33335.44,3.06,8.66,11494.25,0,1
431,10198.69,33331.29,1.67,5.49,10191.21,0,1
432,8831.88,33339.00,9.07,16.80,8804.35,0,1
433,23466.32,33330.59,7.09,13.15,23444.73,0,1
434,22127.31,33329.99,3.04,7.81,22115.95,0,1
435,20798.53,33333.70,1.58,6.19,20790.36,0,1
436,19465.91,33335.25,3.69,8.52,19452.74,0,1
437,18121.69,33332.20,2.21,7.40,18111.76,0,1
438,16783.54,33335.84,5.85,9.30,16766.84,0,1
439,15235.38,33609.76,15.28,20.41,15195.24,0,1
440,14114.35,33059.32,12.81,20.92,14078.66,0,1
441,12774.62,33329.98,4.74,9.80,12759.33,0,1
442,11432.31,33344.06,19.34,26.63,11381.47,0,1
443,10087.98,33322.56,4.35,8.92,10074.08,0,1
444,8752.81,33332.84,3.06,8.29,8740.88,0,1
445,23384.53,33334.78,5.12,9.58,23369.03,0,1
446,22049.62,33330.67,2.44,7.71,22039.09,0,1
447,20727.46,33333.35,2.27,7.58,20717.05,0,1
448,19391.33,33335.30,6.53,10.81,19372.37,0,1
449,18103.88,33332.57,2.58,7.72,18093.19,0,1
450,16720.50,33334.08,4.43,9.91,16705.48,0,1
451,15377.55,33332.68,8.28,14.70,15352.80,0,1
452,14027.23,33333.37,3.22,10.97,14012.41,0,1
453,12683.82,33332.10,1.97,5.98,12675.49,0,1
454,11347.18,33334.59,2.92,8.55,11335.13,0,1
455,10012.64,33331.15,1.66,5.88,10004.73,0,1
456,8660.97,33338.26,6.62,10.18,8643.22,0,1
457,23362.15,33341.18,15.17,26.44,23316.48,0,1
458,21970.39,33324.23,10.40,22.25,21935.79,0,1
459,20636.49,33330.25,1.70,6.62,20627.78,0,1
460,19304.66,33334.25,2.01,6.56,19295.71,0,1
461,17993.85,33331.61,1.57,6.19,17985.70,0,1
462,16631.12,33335.47,5.85,11.56,16612.58,0,1
463,15283.46,33333.59,6.24,11.67,15264.67,0,1
464,13939.52,33331.74,2.06,6.64,13930.43,0,1
465,12603.74,33332.70,1.40,5.13,12596.86,0,1
466,11269.13,33334.29,1.81,5.62,11261.38,0,1
467,9925.36,33332.66,1.51,5.50,9918.03,0,1
468,8589.41,33339.44,9.68,15.05,8562.50,0,1
469,23218.81,33329.98,3.98,9.74,23204.48,0,1
470,21885.58,33332.00,2.70,8.50,21873.80,0,1
471,20564.20,33331.43,2.06,6.58,20555.20,0,1
472,19223.32,33336.04,7.59,12.48,19201.33,0,1
473,17894.91,33334.37,6.86,10.36,17876.58,0,1
474,16550.01,33330.58,3.84,10.06,16535.50,0,1
475,15200.81,33334.34,3.81,8.94,15186.84,0,1
476,13872.87,33332.69,1.56,4.94,13866.02,0,1
477,12544.53,33334.47,3.75,8.78,12531.42,0,1
478,11205.25,33333.88,5.92,13.70,11184.59,0,1
479,9847.61,33333.18,3.50,10.08,9833.49,0,1
480,8504.95,33332.45,2.86,7.96,8493.70,0,1
481,23152.20,33332.43,3.28,8.16,23140.11,0,1
482,21813.31,33334.37,2.54,7.38,21802.86,0,1
483,20494.44,33332.88,2.53,7.55,20483.90,0,1
484,19176.37,33351.58,6.68,13.99,19154.34,0,1
485,17816.58,33319.98,14.34,24.62,17774.83,0,1
486,16478.08,33333.43,7.69,12.84,16456.22,0,1
487,15134.92,33329.53,5.82,11.70,15116.47,0,1
488,13722.66,33401.42,7.10,11.31,13702.91,0,1
489,12470.33,33263.93,3.72,10.76,12455.12,0,1
490,11158.39,33314.48,23.98,22.02,11108.61,0,1
491,8567.98,34570.16,16.34,21.44,8526.56,0,1
492,8428.13,32115.85,2.81,7.91,8416.98,0,1
493,23234.90,33331.28,1.35,6.10,23227.11,0,1
494,21725.72,33342.54,13.53,23.55,21686.14,0,1
495,20456.26,33324.06,1.73,7.55,20446.63,0,1
496,19070.03,33337.58,14.06,23.03,19030.46,0,1
497,17725.64,33329.66,2.06,6.49,17716.76,0,1
498,16415.02,33340.82,18.31,19.93,16373.57,0,1
499,15130.60,33329.25,13.99,18.70,15096.25,0,1
500,13713.13,33334.08,19.07,30.00,13660.94,0,1
501,12367.30,33329.91,2.41,8.19,12356.18,0,1
502,11181.77,33335.60,9.67,22.37,11147.32,0,1
503,9694.95,33338.84,39.37,52.63,9596.23,0,1
504,8354.27,33328.40,3.75,19.81,8330.34,0,1
505,23201.21,33719.23,56.07,51.47,23083.03,0,1
506,21731.26,32951.57,13.19,25.73,21690.19,0,1
507,20339.94,33330.50,24.95,34.57,20275.74,0,1
508,19226.06,33331.08,8.75,21.87,19194.78,0,1
509,17644.59,33374.36,120.83,129.39,17367.36,0,1
510,16295.30,33293.94,4.78,11.49,16278.11,0,1
511,14961.93,33329.52,2.83,8.10,14950.41,0,1
512,13622.44,33333.36,2.09,6.95,13613.02,0,1
513,12281.64,33332.28,1.73,6.80,12272.78,0,1
514,10976.10,33333.75,1.53,6.90,10967.35,0,1
515,9629.68,33333.81,1.69,6.45,9621.17,0,1
516,24226.00,33333.35,1.70,6.38,24217.60,0,1
517,22901.41,33333.39,1.54,6.46,22893.08,0,1
518,21586.96,33332.59,1.46,6.78,21578.37,0,1
519,20241.20,33333.40,1.44,5.84,20233.57,0,1
520,18912.83,33337.58,5.46,11.35,18895.05,0,1
521,17572.37,33334.06,12.05,17.19,17540.05,0,1
522,16383.13,33331.06,4.00,10.62,16367.94,0,1
523,14903.97,33332.25,2.56,8.45,14892.47,0,1
524,13542.67,33332.43,1.91,7.32,13533.11,0,1
525,12347.83,33337.60,14.69,17.63,12312.72,0,1
526,10867.85,33329.57,3.71,9.35,10854.31,0,1
527,9522.75,33333.53,2.71,7.93,9511.73,0,1
528,24159.38,33333.07,4.60,8.85,24145.04,0,1
529,22817.42,33333.10,2.36,8.14,22806.51,0,1
530,21486.10,33331.90,1.97,6.05,21477.76,0,1
531,20160.82,33334.41,1.76,5.76,20152.99,0,1
532,18878.19,33332.34,2.11,5.49,18870.23,0,1
533,17491.34,33336.29,14.55,22.47,17451.63,0,1
534,16137.98,33331.47,3.78,7.94,16125.60,0,1
535,14792.93,33333.18,2.79,5.30,14784.22,0,1
536,13482.36,33333.90,2.64,5.19,13473.98,0,1
537,12278.74,33332.66,1.98,4.11,12272.25,0,1
538,10784.65,33332.83,2.38,3.57,10778.22,0,1
539,9447.93,33339.96,19.47,19.86,9405.41,0,1
540,24224.21,33332.77,12.20,15.82,24193.94,0,1
541,22768.48,33328.86,9.52,14.99,22742.38,0,1
542,21405.48,33334.40,11.12,17.89,21375.13,0,1
543,20074.43,33331.79,3.24,8.26,20062.52,0,1
544,18738.11,33332.85,1.96,5.98,18729.82,0,1
545,17423.34,33333.18,1.71,5.80,17415.49,0,1
546,16083.91,33333.23,2.00,6.05,16075.47,0,1
547,14725.23,33333.47,1.65,5.20,14718.05,0,1
548,13379.30,33332.93,1.89,4.38,13372.70,0,1
549,12033.96,33333.28,1.56,4.60,12027.47,0,1
550,10703.24,33334.50,3.51,10.39,10688.63,0,1
551,9359.71,33333.22,2.01,7.57,9349.76,0,1
552,24027.30,33333.31,1.81,6.48,24018.63,0,1
553,22936.72,33333.25,1.69,6.34,22928.37,0,1
554,21348.33,33333.28,1.59,6.13,21340.24,0,1
555,20023.07,33333.11,1.48,6.75,20014.51,0,1
556,18694.03,33333.33,1.73,5.45,18686.48,0,1
557,17385.43,33333.49,1.71,6.20,17377.19,0,1
558,16023.31,33337.63,10.97,14.92,15995.59,0,1
559,14691.58,33328.95,2.13,8.19,14680.89,0,1
560,13354.33,33334.36,5.21,10.12,13337.87,0,1
561,12025.71,33332.36,2.26,7.39,12015.49,0,1
562,10653.61,33349.94,10.93,16.97,10623.20,0,1
563,9274.44,33319.82,7.53,16.67,9248.66,0,1
564,23902.16,33331.99,4.29,9.64,23887.39,0,1
565,22772.54,33331.36,1.80,7.10,22763.24,0,1
566,21306.26,33337.27,10.79,20.04,21274.17,0,1
567,19911.80,33333.29,10.45,17.76,19881.94,0,1
568,18567.83,33329.86,2.09,9.04,18556.37,0,1
569,17224.14,33333.61,1.89,7.13,17214.79,0,1
570,15893.82,33330.96,2.23,6.77,15884.44,0,1
571,14544.51,33334.31,1.38,6.10,14536.68,0,1
572,13212.82,33333.47,1.48,6.42,13204.59,0,1
573,11868.41,33336.10,1.69,6.20,11860.18,0,1
574,10525.55,33331.28,1.40,6.76,10517.04,0,1
575,9191.43,33333.30,1.70,6.81,9182.54,0,1
576,23825.09,33333.32,2.03,7.51,23815.14,0,1
577,22491.94,33332.70,1.97,7.08,22482.52,0,1
578,21154.85,33334.07,1.83,6.67,21146.04,0,1
579,19827.75,33333.91,2.16,6.43,19818.78,0,1
580,18495.45,33331.56,2.43,7.29,18485.25,0,1
581,17149.17,33335.83,2.23,7.79,17138.75,0,1
582,15802.18,33335.64,6.17,10.67,15784.03,0,1
583,14474.82,33330.04,1.94,7.29,14465.17,0,1
584,13130.11,33332.81,1.97,7.36,13120.38,0,1
585,11786.76,33332.59,1.44,6.55,11778.42,0,1
586,10492.84,33333.21,1.76,6.88,10483.88,0,1
587,9110.55,33341.13,12.34,19.48,9076.62,0,1
588,23741.78,33329.67,7.85,11.50,23720.78,0,1
589,22423.69,33330.43,2.83,8.25,22412.17,0,1
590,21081.52,33332.81,4.89,11.06,21064.58,0,1
591,19768.25,33335.09,3.61,7.70,19756.16,0,1
592,18415.83,33334.05,13.60,25.51,18373.79,0,1
593,17073.33,33333.84,5.45,10.31,17056.66,0,1
594,15749.03,33333.79,9.01,13.91,15724.22,0,1
595,14393.44,33333.05,5.50,11.21,14375.74,0,1
596,13049.16,33331.33,3.06,11.22,13034.34,0,1
597,11706.68,33333.33,2.14,6.90,11697.21,0,1
598,10370.39,33332.80,1.95,6.61,10361.47,0,1
599,9025.19,33333.10,1.79,8.73,9014.27,0,1
600,23667.13,33331.59,1.50,6.16,23659.13,0,1
601,22328.93,33334.77,1.77,6.90,22319.89,0,1
602,21006.90,33332.39,2.15,6.30,20998.12,0,1
603,19674.14,33333.62,1.57,5.99,19666.25,0,1
604,18323.63,33334.06,2.88,8.31,18312.03,0,1
605,16989.50,33332.64,2.46,6.48,16980.10,0,1
606,15646.02,33333.52,2.04,5.96,15637.69,0,1
607,14377.89,33333.84,1.92,6.17,14369.42,0,1
608,12972.50,33336.42,14.17,24.46,12931.32,0,1
609,11623.76,33331.26,2.81,6.60,11613.92,0,1
610,10298.19,33331.70,2.59,6.97,10288.05,0,1
611,8946.77,33336.12,3.60,8.04,8934.22,0,1
612,23589.44,33339.16,9.62,13.07,23564.52,0,1
613,22260.13,33325.48,2.52,9.69,22247.55,0,1
614,20933.26,33333.71,3.76,8.46,20920.54,0,1
615,19589.30,33333.91,3.48,8.31,19576.74,0,1
616,18254.87,33333.11,2.00,6.26,18246.21,0,1
617,16921.67,33334.42,5.28,9.28,16906.16,0,1
618,15566.27,33334.37,5.58,8.86,15550.46,0,1
619,14231.19,33331.14,2.33,6.57,14221.90,0,1
620,12899.59,33332.77,2.41,7.32,12889.44,0,1
621,11551.91,33333.48,4.09,9.47,11537.67,0,1
622,10214.55,33333.65,2.81,7.93,10203.46,0,1
623,8870.47,33336.43,3.53,8.59,8857.92,0,1
624,23512.20,33330.21,2.63,7.00,23502.11,0,1
625,22173.69,33333.22,2.26,7.33,22163.60,0,1
626,20840.06,33333.86,2.42,6.22,20830.98,0,1
627,19512.63,33332.25,2.02,6.62,19503.47,0,1
628,18241.83,33333.25,1.67,6.13,18233.69,0,1
629,16825.02,33335.78,12.69,23.70,16786.06,0,1
630,15485.63,33330.03,2.76,7.20,15475.21,0,1
631,14147.24,33333.79,1.80,6.07,14138.88,0,1
632,12807.24,33335.89,3.24,6.88,12796.71,0,1
633,11473.68,33332.02,2.33,6.11,11464.82,0,1
634,10123.59,33333.11,1.81,5.87,10115.55,0,1
635,8789.76,33332.96,2.66,7.08,8779.57,0,1
636,23431.01,33334.11,2.80,6.32,23421.42,0,1
637,22093.83,33333.23,3.21,7.83,22082.13,0,1
638,20760.38,33333.74,2.14,6.82,20751.02,0,1
639,19434.04,33332.34,2.67,8.56,19422.34,0,1
640,18094.88,33332.95,2.76,7.43,18084.03,0,1
641,16745.50,33334.27,3.01,8.61,16733.28,0,1
642,15405.00,33333.21,4.29,8.15,15391.92,0,1
643,14102.84,33333.35,3.68,6.93,14091.57,0,1
644,12730.30,33335.69,8.06,15.05,12705.47,0,1
645,11353.66,33372.28,5.75,47.41,11299.32,0,1
646,10060.81,33293.29,4.33,10.01,10045.49,0,1
647,8707.70,33334.37,4.86,11.83,8690.35,0,1
648,23345.26,33332.44,5.85,9.79,23328.07,0,1
649,22017.60,33331.35,2.97,7.14,22006.97,0,1
650,20682.79,33333.11,2.20,6.63,20673.61,0,1
651,19346.90,33332.53,1.92,6.57,19338.06,0,1
652,18061.30,33334.37,2.55,7.61,18050.62,0,1
653,16666.34,33337.42,9.43,16.88,16639.22,0,1
654,15326.86,33330.88,4.23,10.16,15311.50,0,1
655,13993.91,33331.88,2.53,7.05,13983.81,0,1
656,12646.71,33334.51,1.91,6.76,12637.70,0,1
657,11307.18,33333.64,3.05,6.97,11296.61,0,1
658,9965.69,33332.15,1.82,5.95,9957.55,0,1
659,8628.11,33333.29,3.85,7.47,8616.25,0,1
660,23276.15,33333.54,6.02,9.05,23259.43,0,1
661,21939.33,33333.29,3.57,9.14,21926.00,0,1
662,20597.79,33333.44,3.35,9.49,20584.33,0,1
663,19275.58,33332.06,3.33,8.26,19263.33,0,1
664,17935.52,33335.22,4.84,9.95,17920.12,0,1
665,16580.82,33333.41,2.59,8.87,16568.61,0,1
666,15264.10,33332.48,3.84,7.87,15251.46,0,1
667,13907.88,33334.10,3.84,9.41,13893.85,0,1
668,12573.74,33332.68,3.15,7.81,12562.35,0,1
669,11225.32,33332.67,2.97,7.40,11214.41,0,1
670,9893.34,33333.55,1.83,5.58,9885.51,0,1
671,8537.76,33335.84,4.63,9.51,8522.74,0,1
672,23185.41,33334.32,9.53,13.56,23160.11,0,1
673,21854.25,33330.87,3.20,9.67,21840.93,0,1
674,20526.03,33334.29,4.76,13.59,20506.86,0,1
675,19191.81,33331.05,3.83,8.75,19178.51,0,1
676,19067.63,33867.19,10.01,22.32,19033.37,0,1
677,16507.80,32800.37,2.83,8.44,16495.94,0,1
678,15169.71,33332.63,2.19,5.44,15161.74,0,1
679,16580.68,33334.02,1.38,6.15,16572.81,0,1
680,12508.32,33354.47,26.32,45.32,12431.49,0,1
681,11153.67,33316.57,2.98,11.47,11138.35,0,1
682,9948.85,33327.93,2.95,7.79,9937.77,0,1
683,24607.16,33365.56,66.97,71.18,24454.50,0,1
684,23126.51,33315.40,39.10,58.22,23022.21,0,1
685,22305.55,33322.91,8.23,21.06,22275.38,0,1
686,20463.04,33336.89,38.76,51.40,20366.04,0,1
687,21881.99,33326.87,4.58,12.89,21862.91,0,1
688,17807.99,33333.82,4.73,11.87,17791.01,0,1
689,16442.12,33333.87,6.72,43.26,16390.84,0,1
690,15102.58,33332.11,1.84,6.82,15093.58,0,1
691,13793.32,33332.99,2.46,7.18,13782.99,0,1
692,12426.88,33336.87,8.74,14.74,12401.77,0,1
693,11098.84,33329.22,2.11,6.27,11090.12,0,1
694,9763.50,33334.33,2.07,6.18,9754.87,0,1
695,8433.21,33332.84,2.46,7.58,8422.55,0,1
696,23074.42,33332.76,1.95,6.23,23065.49,0,1
697,21748.59,33333.28,1.32,4.89,21742.00,0,1
698,20437.79,33334.36,2.56,7.59,20427.25,0,1
699,19098.37,33333.11,5.69,10.49,19081.05,0,1
700,17768.20,33332.74,1.36,5.72,17760.78,0,1
701,16426.97,33335.52,2.95,7.78,16415.85,0,1
702,15105.89,33331.21,1.78,6.32,15097.46,0,1
703,13766.12,33333.46,1.28,5.54,13758.97,0,1
704,12612.38,33334.19,2.09,5.72,12604.17,0,1
705,11093.45,33338.34,13.84,22.13,11055.20,0,1
706,9938.81,33327.65,1.53,6.76,9930.18,0,1
707,24400.87,33346.82,20.82,27.78,24348.00,0,1
708,23076.03,33321.11,3.44,8.41,23063.57,0,1
709,21748.27,33332.00,2.07,6.93,21738.68,0,1
710,20438.04,33340.27,12.40,16.04,20406.81,0,1
711,18947.10,33328.62,2.78,7.54,18936.45,0,1
712,17610.37,33331.77,2.20,6.05,17601.74,0,1
713,16260.35,33334.18,2.56,6.73,16250.55,0,1
714,14920.84,33331.50,1.98,5.98,14912.47,0,1
715,13588.87,33335.52,1.86,6.90,13579.73,0,1
716,12243.97,33333.18,2.27,6.55,12234.83,0,1
717,10898.25,33330.83,1.49,5.77,10890.64,0,1
718,9565.93,33333.64,1.24,5.83,9558.52,0,1
719,8229.85,33332.93,1.47,5.83,8222.17,0,1
720,22871.57,33334.24,1.44,5.69,22864.09,0,1
721,21539.70,33332.96,1.47,5.71,21532.19,0,1
722,20195.09,33333.83,1.69,5.59,20187.47,0,1
723,18854.80,33332.60,1.25,5.44,18847.74,0,1
724,17521.56,33333.42,1.30,5.79,17514.13,0,1
725,16176.83,33333.16,1.54,5.58,16169.38,0,1
726,14847.09,33332.57,1.27,5.37,14840.13,0,1
727,16559.44,33334.15,1.41,5.12,16552.59,0,1
728,12160.27,33340.93,10.62,15.42,12132.33,0,1
729,10826.36,33326.80,2.56,7.17,10816.06,0,1
730,9481.91,33332.01,1.51,7.19,9472.89,0,1
731,24112.83,33334.10,1.49,6.41,24104.59,0,1
732,22781.30,33332.57,1.31,6.96,22772.68,0,1
733,21447.95,33333.75,1.25,6.47,21439.89,0,1
734,20121.76,33333.30,1.32,6.64,20113.47,0,1
735,18782.08,33333.67,1.44,6.82,18773.50,0,1
736,17437.92,33333.24,1.40,5.95,17430.20,0,1
737,16101.27,33333.41,1.34,6.49,16093.12,0,1
738,14765.00,33334.77,1.65,6.08,14756.91,0,1
739,13603.63,33333.21,1.27,5.96,13596.08,0,1
740,12079.00,33340.93,13.55,23.30,12039.75,0,1
741,10911.96,33323.97,1.64,6.53,10903.27,0,1
742,9406.84,33342.19,13.59,24.07,9366.68,0,1
743,24041.75,33326.69,4.48,10.17,24026.62,0,1
744,22716.04,33330.94,1.75,6.75,22707.11,0,1
745,21373.35,33333.95,3.19,9.79,21359.64,0,1
746,20044.11,33333.06,1.72,7.18,20034.86,0,1
747,18698.51,33333.84,1.30,6.64,18690.24,0,1
748,17357.65,33332.39,1.28,6.30,17349.75,0,1
749,16022.70,33334.31,1.31,6.75,16014.27,0,1
750,14682.16,33333.11,2.68,7.56,14671.45,0,1
751,16589.30,33334.33,1.70,6.65,16580.60,0,1
752,12021.52,33335.15,13.74,23.95,11981.56,0,1
753,10665.11,33331.42,1.98,7.40,10655.24,0,1
754,9321.30,33332.77,1.82,6.57,9312.58,0,1
755,24140.73,33342.43,12.54,17.57,24107.97,0,1
756,22669.04,33332.89,13.30,22.45,22631.21,0,1
757,21356.58,33331.23,12.40,22.37,21319.83,0,1
758,19959.88,33329.54,13.21,23.34,19921.07,0,1
759,18626.87,33330.77,1.70,7.33,18617.50,0,1
760,17308.51,33334.83,1.59,7.32,17299.26,0,1
761,15940.09,33337.32,8.89,16.87,15912.90,0,1
762,14606.97,33327.78,2.41,8.02,14596.17,0,1
763,13258.71,33333.41,1.63,6.24,13250.51,0,1
764,11927.92,33342.43,11.31,14.57,11899.25,0,1
765,10757.44,33326.12,2.09,6.52,10748.53,0,1
766,9311.80,33339.93,13.82,24.19,9271.57,0,1
767,24053.98,33327.68,13.57,22.15,24015.72,0,1
768,22706.22,33338.75,12.37,21.48,22669.72,0,1
769,21269.85,33332.52,12.85,22.98,21231.66,0,1
770,19877.73,33329.11,13.66,22.99,19838.77,0,1
771,18711.05,33330.08,1.36,6.43,18702.93,0,1
772,17248.03,33341.64,13.13,23.74,17208.90,0,1
773,16033.45,33340.34,19.57,24.22,15985.41,0,1
774,14525.50,33325.14,12.79,21.23,14489.29,0,1
775,13246.72,33325.57,2.07,9.41,13234.82,0,1
776,11842.69,33337.72,16.09,25.98,11797.38,0,1
777,10497.83,33329.88,2.45,8.69,10486.22,0,1
778,9161.69,33332.99,2.29,8.28,9150.74,0,1
779,23787.85,33333.35,2.79,8.17,23776.50,0,1
780,22457.40,33332.91,1.77,6.50,22448.81,0,1
781,21133.08,33332.79,2.06,7.06,21123.57,0,1
782,19797.13,33334.51,2.34,7.15,19786.97,0,1
783,18456.66,33332.65,1.48,6.50,18448.31,0,1
784,17354.65,33333.48,1.88,7.92,17344.52,0,1
785,15775.24,33334.20,3.83,10.02,15760.74,0,1
786,14434.64,33331.66,2.41,6.99,14424.69,0,1
787,13103.37,33333.27,1.96,6.94,13094.03,0,1
788,11756.50,33334.43,2.55,7.89,11745.55,0,1
789,10416.20,33332.37,1.73,6.95,10407.15,0,1
790,9080.88,33333.81,1.91,6.87,9071.66,0,1
791,23738.09,33333.57,2.31,7.62,23727.72,0,1
792,22416.85,33336.56,6.56,14.26,22394.78,0,1
793,21069.86,33333.25,8.05,14.49,21045.32,0,1
794,19721.52,33333.49,6.57,15.55,19698.01,0,1
795,18380.99,33331.04,3.37,8.86,18368.14,0,1
796,17037.84,33331.15,2.29,8.39,17026.67,0,1
797,15703.83,33333.73,4.53,8.88,15689.63,0,1
798,14357.27,33334.81,4.14,8.51,14343.89,0,1
799,13022.77,33333.52,2.54,8.08,13011.80,0,1
800,11696.43,33334.79,12.31,17.10,11664.88,0,1
801,10334.55,33333.21,4.07,9.96,10319.88,0,1
802,9674.77,33331.89,2.02,6.87,9665.54,0,1
803,23634.46,33344.33,21.62,23.62,23583.99,0,1
804,22299.56,33322.95,3.42,11.53,22283.97,0,1
805,21026.37,33332.40,1.93,7.25,21016.71,0,1
806,19637.23,33335.93,10.80,18.08,19606.53,0,1
807,18297.73,33331.87,2.87,9.57,18284.94,0,1
808,16955.73,33332.05,1.62,7.20,16946.60,0,1
809,15623.66,33333.35,3.12,8.71,15611.25,0,1
810,14293.81,33335.24,8.27,12.27,14271.54,0,1
811,12962.50,33311.07,5.82,11.30,12944.29,0,1
812,11596.14,33355.20,4.93,10.54,11579.56,0,1
813,10258.84,33333.46,2.80,8.63,10247.01,0,1
814,8915.70,33331.98,2.08,6.41,8906.70,0,1
815,23552.85,33333.44,4.64,8.40,23539.14,0,1
816,22224.73,33332.93,1.93,7.26,22215.17,0,1
817,20892.11,33333.28,1.82,6.60,20883.34,0,1
818,19549.02,33333.26,3.53,8.50,19536.16,0,1
819,18217.55,33334.03,2.59,7.43,18207.14,0,1
820,16875.11,33331.93,2.15,7.60,16864.96,0,1
821,15543.59,33339.63,15.43,19.41,15505.72,0,1
822,14198.97,33328.91,2.58,9.28,14186.78,0,1
823,12871.85,33331.45,1.83,6.92,12862.74,0,1
824,11519.81,33337.18,11.23,17.55,11489.75,0,1
825,10176.02,33330.49,2.44,8.89,10164.01,0,1
826,8836.19,33333.76,2.06,7.59,8826.15,0,1
827,23500.26,33332.29,2.51,7.93,23489.43,0,1
828,22150.60,33337.98,11.14,17.04,22120.79,0,1
829,20820.25,33330.08,5.87,12.64,20800.88,0,1
830,19476.37,33332.88,4.15,10.93,19460.69,0,1
831,18132.61,33332.32,2.51,7.57,18122.16,0,1
832,16792.26,33333.87,1.91,6.64,16783.38,0,1
833,15455.06,33332.88,3.13,7.76,15443.70,0,1
834,14114.43,33334.38,2.88,7.17,14103.88,0,1
835,12779.92,33332.66,1.93,7.11,12770.55,0,1
836,11430.77,33333.33,2.33,7.98,11420.09,0,1
837,10095.28,33333.50,2.07,6.70,10086.06,0,1
838,8753.76,33332.40,2.05,6.71,8744.67,0,1
839,23388.51,33340.86,18.99,24.13,23341.15,0,1
840,22098.57,33327.25,3.16,9.38,22085.50,0,1
841,20727.79,33332.16,2.06,7.30,20718.04,0,1
842,19395.49,33333.37,2.71,7.96,19384.39,0,1
843,18051.94,33332.09,1.59,6.39,18043.61,0,1
844,16706.25,33335.95,2.13,7.46,16696.27,0,1
845,15377.80,33331.59,2.62,8.19,15366.42,0,1
846,14048.92,33338.79,12.22,16.20,14017.76,0,1
847,12691.21,33330.29,5.03,11.34,12674.02,0,1
848,11355.34,33332.93,5.45,11.05,11338.12,0,1
849,10014.29,33331.97,2.31,7.28,10004.29,0,1
850,8672.27,33333.01,2.24,6.14,8663.49,0,1
851,23309.81,33334.23,3.56,7.44,23298.33,0,1
852,21974.45,33332.40,1.66,6.53,21965.94,0,1
853,20673.03,33333.19,1.77,7.07,20663.78,0,1
854,19322.57,33335.33,9.87,18.45,19292.38,0,1
855,17982.64,33342.56,2.54,8.19,17971.45,0,1
856,16205.27,33852.39,15.50,17.74,16168.98,0,1
857,15332.60,32807.23,11.58,17.17,15301.89,0,1
858,13991.15,33335.15,8.55,16.26,13964.62,0,1
859,12671.92,33328.99,3.53,12.06,12655.62,0,1
860,11341.17,33338.56,10.54,26.62,11302.99,0,1
861,10000.95,33328.99,3.92,10.65,9985.76,0,1
862,8666.85,33335.37,4.30,17.68,8644.43,0,1
863,23280.63,33362.18,80.61,81.47,23101.09,0,1
864,21925.09,33304.24,13.68,23.24,21886.91,0,1
865,20603.15,33331.53,2.06,8.09,20592.40,0,1
866,19309.83,33333.83,5.47,18.00,19284.57,0,1
867,21882.71,33333.84,16.23,26.15,21834.99,0,1
868,16590.31,33343.37,11.62,20.89,16554.13,0,1
869,15257.54,33326.91,51.99,90.49,15108.99,0,1
870,13877.14,33327.62,3.62,7.74,13865.29,0,1
871,12536.28,33333.23,1.51,5.17,12529.26,0,1
872,11199.17,33333.20,2.86,7.01,11188.69,0,1
873,9860.12,33333.20,1.59,5.82,9852.40,0,1
874,8510.46,33333.06,1.68,5.26,8503.19,0,1
875,23153.93,33334.73,2.71,8.83,23141.83,0,1
876,21821.83,33331.08,1.69,6.72,21813.09,0,1
877,20487.76,33340.84,13.31,18.34,20453.67,0,1
878,19171.39,33333.18,6.72,11.42,19151.96,0,1
879,17813.10,33349.28,7.12,12.64,17792.20,0,1
880,16469.19,33311.95,6.82,15.10,16446.02,0,1
881,15135.42,33332.02,3.45,9.20,15122.14,0,1
882,13798.22,33333.12,1.55,4.59,13791.72,0,1
883,12535.80,33333.48,2.78,6.51,12525.92,0,1
884,11121.32,33333.61,1.87,5.01,11114.04,0,1
885,9773.53,33332.70,1.78,5.11,9766.28,0,1
886,8431.20,33331.98,1.53,4.45,8424.90,0,1
887,23133.56,33334.60,1.52,4.94,23126.74,0,1
888,21738.43,33336.43,15.61,26.88,21693.12,0,1
889,20414.89,33331.85,2.41,7.13,20404.99,0,1
890,19072.98,33332.78,2.43,5.70,19064.45,0,1
891,17735.51,33332.48,1.93,5.77,17727.49,0,1
892,16390.77,33332.30,1.49,5.90,16383.03,0,1
893,15057.26,33335.72,1.99,6.48,15048.44,0,1
894,13711.51,33332.43,1.48,6.10,13703.60,0,1
895,12373.86,33331.48,1.48,5.57,12366.47,0,1
896,11049.01,33335.29,2.12,8.53,11038.04,0,1
897,9695.84,33335.27,7.65,13.68,9673.22,0,1
898,8351.94,33332.18,3.60,9.85,8338.09,0,1
899,22997.81,33334.50,2.70,6.89,22987.67,0,1
900,21670.65,33332.68,1.98,5.20,21663.13,0,1
901,20333.17,33333.00,2.38,5.74,20324.44,0,1
902,19029.83,33331.45,1.69,5.70,19022.08,0,1
903,17646.88,33333.93,2.34,5.88,17638.28,0,1
904,16315.06,33333.40,1.57,5.84,16307.28,0,1
905,14970.24,33333.38,3.30,7.53,14958.90,0,1
906,13628.32,33333.03,1.75,6.65,13619.52,0,1
907,12293.42,33334.43,1.91,5.68,12285.38,0,1
908,10960.84,33340.50,15.38,20.71,10921.58,0,1
909,9609.51,33327.23,3.20,9.54,9596.15,0,1
910,24247.45,33332.55,1.95,7.32,24237.77,0,1
911,22911.94,33333.64,2.24,8.15,22901.04,0,1
912,21575.64,33332.84,3.18,8.44,21563.45,0,1
913,20250.47,33350.47,8.45,12.77,20227.65,0,1
914,18908.47,33316.16,4.32,9.36,18894.12,0,1
915,17572.66,33333.15,2.63,7.82,17561.80,0,1
916,16237.03,33333.15,2.06,7.03,16227.45,0,1
917,14889.64,33332.67,1.88,7.06,14880.32,0,1
918,13556.04,33336.73,8.88,11.79,13533.31,0,1
919,12206.25,33330.52,3.21,7.70,12194.72,0,1
920,10873.93,33334.68,6.70,12.62,10852.38,0,1
921,9526.90,33332.99,2.39,7.14,9516.79,0,1
922,24163.22,33331.55,1.69,7.07,24154.05,0,1
923,22825.84,33335.29,2.98,7.77,22814.65,0,1
924,21500.74,33331.96,1.64,6.86,21491.77,0,1
925,20168.99,33332.86,1.80,6.23,20160.60,0,1
926,18824.38,33334.65,2.18,7.17,18814.65,0,1
927,17488.66,33333.03,2.12,7.68,17478.44,0,1
928,16147.15,33333.32,1.80,6.59,16138.31,0,1
929,14814.49,33333.24,1.81,7.25,14804.87,0,1
930,13467.65,33337.62,11.45,15.18,13439.01,0,1
931,12124.67,33329.21,2.10,7.76,12114.39,0,1
932,10798.56,33338.19,12.58,16.94,10767.19,0,1
933,9450.45,33330.13,2.20,7.30,9440.50,0,1
934,24083.51,33331.81,2.63,7.16,24073.23,0,1
935,22766.34,33332.92,1.99,7.26,22756.73,0,1
936,21427.24,33335.38,6.01,11.80,21408.11,0,1
937,20087.00,33333.40,4.68,10.00,20071.40,0,1
938,18766.76,33330.57,2.24,7.82,18756.27,0,1
939,17413.79,33333.82,2.82,8.01,17402.62,0,1
940,16068.46,33333.04,1.78,6.26,16060.06,0,1
941,14728.15,33333.41,1.43,6.11,14720.20,0,1
942,13393.93,33332.81,1.72,6.30,13385.48,0,1
943,12049.77,33333.73,1.43,5.41,12042.62,0,1
944,10709.93,33333.21,1.60,5.80,10702.20,0,1
945,9365.30,33333.20,1.35,5.47,9358.16,0,1
946,24049.56,33332.12,1.32,5.55,24042.36,0,1
947,22674.31,33336.45,11.89,18.60,22641.72,0,1
948,21353.66,33332.02,3.20,7.40,21342.72,0,1
949,20010.20,33335.23,7.19,12.26,19989.62,0,1
950,18673.40,33331.35,3.82,8.81,18660.18,0,1
951,17321.81,33333.59,1.38,6.52,17313.58,0,1
952,15987.98,33332.17,1.30,6.44,15979.91,0,1
953,14646.46,33334.92,1.94,7.07,14637.03,0,1
954,13316.07,33336.11,9.98,13.20,13290.53,0,1
955,11968.68,33330.94,5.20,11.02,11951.28,0,1
956,10647.80,33344.86,25.31,25.52,10592.05,0,1
957,9283.39,33323.15,4.33,10.56,9267.70,0,1
958,23995.01,33330.90,2.19,7.70,23984.71,0,1
959,22614.42,33336.48,16.38,24.92,22570.03,0,1
960,21257.25,33331.60,9.32,15.94,21231.03,0,1
961,19921.81,33332.09,2.35,7.35,19911.55,0,1
962,18744.52,33340.49,14.94,19.64,18707.08,0,1
963,17258.15,33326.26,1.89,7.45,17248.35,0,1
964,15910.17,33334.11,3.45,9.61,15896.45,0,1
965,14559.67,33334.38,6.93,13.27,14537.98,0,1
966,13230.21,33331.93,2.11,6.85,13220.84,0,1
967,11896.48,33332.30,1.51,6.46,11888.11,0,1
968,10547.57,33334.63,2.19,7.22,10537.75,0,1
969,9204.01,33336.38,10.06,14.11,9177.80,0,1
970,23834.51,33329.94,2.33,7.25,23824.54,0,1
971,22516.32,33334.99,3.29,8.55,22504.13,0,1
972,21181.81,33333.24,6.88,13.71,21159.99,0,1
973,19847.51,33331.14,3.00,8.88,19835.19,0,1
974,18505.79,33334.38,3.47,8.17,18493.60,0,1
975,17178.64,33331.86,1.81,8.65,17167.70,0,1
976,15832.08,33333.58,2.07,8.27,15821.23,0,1
977,14497.02,33333.24,2.03,7.49,14487.02,0,1
978,13151.06,33336.31,7.59,9.86,13131.77,0,1
979,11804.03,33331.88,2.10,8.07,11793.34,0,1
980,10463.59,33333.05,3.66,8.81,10450.60,0,1
981,9130.83,33332.21,1.98,6.93,9121.59,0,1
982,23806.32,33333.26,1.58,6.87,23797.46,0,1
983,22454.03,33346.54,23.83,25.70,22400.81,0,1
984,21098.55,33328.47,13.60,19.28,21063.71,0,1
985,19771.34,33327.17,9.05,15.83,19745.10,0,1
986,18433.93,33332.23,4.30,11.37,18417.30,0,1
987,17092.27,33332.49,2.06,7.82,17081.97,0,1
988,15755.70,33332.42,1.68,7.44,15746.24,0,1
989,14413.37,33334.75,2.55,7.57,14402.82,0,1
990,13873.77,33338.18,13.40,18.67,13838.18,0,1
991,11905.39,33328.27,5.55,12.44,11886.87,0,1
992,10546.44,33333.06,2.97,9.38,10533.66,0,1
993,9056.80,33335.25,5.21,9.71,9041.03,0,1
994,23693.58,33332.74,2.99,9.09,23680.80,0,1
995,22352.40,33342.69,19.13,20.90,22308.50,0,1
996,21035.39,33322.92,4.08,10.23,21020.51,0,1
997,19694.95,33332.77,2.16,8.54,19683.67,0,1
998,18356.10,33334.46,2.37,7.47,18345.92,0,1
999,17008.42,33335.14,5.06,11.40,16991.37,0,1
1000,15682.66,33334.72,15.73,19.88,15643.97,0,1
